﻿"Cube Title","Product Id","CANSIM Id",URL,"Cube Notes","Archive Status",Frequency,"Start Reference Period","End Reference Period","Total number of dimensions"
"Provisional weekly death counts, by selected grouped causes of death","13100810",,"https://www150.statcan.gc.ca/t1/tbl1/en/tv.action?pid=1310081001",1;2;5;6;7;8;9;10;11;12;13;14;15;16;17;18;19;20;21;22,"CURRENT - a cube available to the public and that is current","Weekly","2010-01-09","2024-03-02","3",

"Dimension ID","Dimension name","Dimension Notes","Dimension Definitions"
"1","Geography, place of occurrence",3,""
"2","Cause of death (ICD-10) ",5;6;7;8;15;16;17;18;19;20;21,""
"3","Characteristics",4,""

"Dimension ID","Member Name","Classification Code","Member ID","Parent Member ID",Terminated,"Member Notes","Member Definitions"
"1","Newfoundland and Labrador, place of occurrence","[10]","2","1","",,
"1","Prince Edward Island, place of occurrence","[11]","3","1","",,
"1","Nova Scotia, place of occurrence","[12]","4","1","",,
"1","New Brunswick, place of occurrence","[13]","5","1","",,
"1","Quebec, place of occurrence","[24]","6","1","",,
"1","Ontario, place of occurrence","[35]","7","1","",,
"1","Manitoba, place of occurrence","[46]","8","1","",,
"1","Saskatchewan, place of occurrence","[47]","9","1","",,
"1","Alberta, place of occurrence","[48]","10","1","",,
"1","British Columbia, place of occurrence","[59]","11","1","",,
"1","Yukon, place of occurrence","[60]","12","1","",,
"1","Northwest Territories, place of occurrence","[61]","13","1","",,
"1","Nunavut, place of occurrence","[62]","14","1","",,
"1","Canada, place of occurrence","[11124]","1","","",,
"2","Ill-defined and unspecified causes of mortality","[R99]","15","1","",,
"2","Information unavailable","","16","1","",,
"2","All other causes of death","","17","1","",8,
"2","Malignant neoplasms","[C00-C97]","2","1","",,
"2","Diabetes mellitus","[E10-E14]","3","1","",,
"2","Alzheimer's disease","[G30]","4","1","",,
"2","Diseases of heart","[I00-I09, I11, I13, I20-I51]","5","1","",,
"2","Cerebrovascular diseases","[I60-I69]","6","1","",,
"2","Influenza and pneumonia","[J09-J18]","7","1","",,
"2","Chronic lower respiratory diseases","[J40-J47]","8","1","",,
"2","Nephritis, nephrotic syndrome and nephrosis","[N00-N07, N17-N19, N25-N27]","9","1","",,
"2","Accidents (unintentional injuries)","[V01-X59, Y85-Y86]","10","1","",,
"2","Intentional self-harm (suicide)","[X60-X84, Y87.0]","11","1","",,
"2","COVID-19","[U07.1, U07.2, U10.9]","12","1","",,
"2","Multisystem inflammatory syndrome associated with COVID-19","[U10.9]","18","12","",,
"2","COVID-19, virus identified ","[U07.1]","13","12","",,
"2","COVID-19, virus not identified ","[U07.2]","14","12","",,
"2","Total, all causes of death","[A00-Y89]","1","","",,
"3","Number of deaths","","1","","",,

Symbol Legend
Description,Symbol
"not available for a specific reference period","..",
"less than the limit of detection","<LOD",
"value rounded to 0 (zero) where there is a meaningful distinction between true zero and the value that was rounded","0s",
"data quality: excellent","A",
"data quality: very good","B",
"data quality: good","C",
"data quality: acceptable","D",
"use with caution","E",
"too unreliable to be published","F",
"not applicable","...",
"preliminary","p",
"revised","r",
"suppressed to meet the confidentiality requirements of the Statistics Act","x",
"terminated","t",

"Survey Code","Survey Name"
"3233","Vital Statistics - Death Database"

"Subject Code","Subject Name"
"13","Health"

"Note ID",Note
1,"Source: Statistics Canada, Canadian Vital Statistics - Death database (CVSD)."
2,"Death refers to the permanent disappearance of all evidence of life at any time after a live birth has taken place. Stillbirths are excluded."
3,"The geographic distribution of deaths in this table is based on the deceased's place of death and for residents of Canada only."
4,"The following standard symbols are used in this Statistics Canada table: (..) for figures not available for a specific reference period, (...) for figures not applicable and (x) for figures suppressed to meet the confidentiality requirements of the Statistics Act."
5,"During the production of each month's death statistics, data from previous months/years may be revised to reflect any updates or changes that have been received from the provincial and territorial vital statistics offices."
6,"Data for the reference years 2021, 2022, 2023 and 2024, are provisional due to the shortened duration of data collection."
7,"2017 to 2024 data for Yukon are not available."
8,"Due to improvements in methodology and timeliness, the duration of data collection has been shortened compared to previous years. Fewer deaths were captured by the time of release. The 2022, 2023, and 2024 data are preliminary."
9,"These are provisional death counts and may not match counts from other sources, such as media reports or counts from provincial or territorial health departments and other agencies. There are additional delays in receiving the data from the provincial and territorial vital statistics offices. Differences will also occur when different definitions and collection periods are used.  "
10,"Statistics Canada’s capacity to provide useful and timely information is dependent on its ability to receive the information from the provinces and territories. For several jurisdictions this information is typically sent within 30 days of the death event, while for others it is sent 30 to 60 days, or more, following the death event. For this reason, data for certain provinces and territories for certain weeks are suppressed."
11,"These are provisional counts and subject to change. Care should be taken when making conclusions from provisional data as these counts will not include all deaths that occurred during this period, especially the most recent periods. Furthermore, deaths investigated by coroners or medical examiners, such as suicides, accidents and homicides, often require lengthy investigations. Consequently, information on the causes of death, particularly among people younger than 45, whose deaths are more likely to result in an investigation, typically requires more time before it is reported to Statistics Canada. These counts will be revised as more records are received and processed."
12,"Weeks are as defined in several epidemiological studies, including those of the United States Centers for Diseases Control and Prevention (CDC). CDC weeks start on a Sunday and end on a Saturday. They are numbered sequentially from 1 to 52 or 53 depending on the year. The first CDC week in a year ends on the first Saturday of January, provided it has at least four days in that calendar year. The first CDC week of a year may include a few days from the previous calendar year. Conversely, the first few days of a calendar year may be included in the last CDC week of the previous year. Since CDC weeks can overlap two months, they do not perfectly recreate calendar months or years."
13,"This real-time cube is designed to track changes in the death counts since their initial release. Typically, data are released as preliminary for a specific period, revised the following period based on new information and eventually revised in an annual or historical revision process."
14,"Deaths for which the date of death are missing are excluded."
15,"The counts in this table have been rounded to a neighbouring multiple of 5 to meet the confidentiality requirements of the Statistics Act."
16,"The cause of death tabulated is the underlying cause of death. This is defined as (a) the disease or injury which initiated the train of events leading directly to death, or (b) the circumstances of the accident or violence which produced the fatal injury. The underlying cause is selected from the conditions listed on the medical certificate of cause of death."
17,"World Health Organization (WHO), International Statistical Classification of Diseases and Related Health Problems, 10th Revision (ICD-10)."
18,"The causes of death list included in this table is based on the 10 leading causes of death in 2018 and COVID-19 deaths. The list for leading causes of death is based on the list that was developed and that is being used by the National Center for Health Statistics of the United States in their annual report on leading causes of death."
19,""Other causes of death" is a residual to other deaths listed in this table. "Information unavailable" is a category which includes deaths for which the medical certificate of cause of death (for Provinces and Territories sending death certificates to Statistics Canada for coding) or the underlying cause of death code (for Provinces coding causes of death) has not yet been received at Statistics Canada."
20,"Starting with the 2013 reference year, a new automated coding system was used to select the underlying cause of death. In 2017, an updated version of this coding system was implemented. For more information or to obtain documentation regarding the impact of these changes, please contact Statistics Canada's Statistical Information Service (toll-free 1-800-263-1136; 514-283-8300; STATCAN.infostats-infostats.STATCAN@Canada.ca)."
21,"The total, all causes of death and the number of deaths for which information on the causes of death is unavailable are based on the estimates presented in table 13-10-0792-01.  "
22,"The tabulation of the number of deaths for reference years 2017, 2018 and 2019 is based on the revised data released on January 24, 2022."

"Correction ID","Correction Date","Correction Note"
"3633","2023-04-26","On April 26, 2023, the 2020 data for Quebec were corrected. The error affected only the version of the table released on April 20, 2023.",

